path,op
/rss.xml,processing
/index.html,processing
/articles/bit_topic.html,processing
/articles/design_give.html,processing
/articles/diameter_women.html,processing
/articles/draw_being.html,processing
/articles/glad_section.html,processing
/articles/improve_dirty.html,processing
/articles/movie_share.html,processing
/articles/national_pack.html,processing
/articles/pie_comfortable.html,processing
/articles/protection_careful.html,processing
/articles/regular_mental.html,processing
/articles/stage_upon.html,processing
/articles/these_equipment.html,processing
/articles/addition_original.html,processing
/articles/back_cage.html,processing
/articles/boy_grain.html,processing
/articles/can_star.html,processing
/articles/cloth_out.html,processing
/articles/for_lunch.html,processing
/articles/frame_pet.html,processing
/articles/huge_same.html,processing
/articles/into_hour.html,processing
/articles/iron_particles.html,processing
/articles/promised_cutting.html,processing
/articles/stop_merely.html,processing
/articles/tent_engine.html,processing
/articles/took_island.html,processing
/articles/yard_writing.html,processing
/articles/both_useful.html,processing
/articles/call_tall.html,processing
/articles/cast_whole.html,processing
/articles/climate_present.html,processing
/articles/price_attached.html,processing
/articles/quietly_bent.html,processing
/articles/straight_porch.html,processing
/articles/stranger_specific.html,processing
/articles/sun_consonant.html,processing
/articles/upon_evening.html,processing
/articles/your_sum.html,processing
/articles/average_later.html,processing
/articles/black_jack.html,processing
/articles/boat_magic.html,processing
/articles/certain_barn.html,processing
/articles/dinner_metal.html,processing
/articles/government_principal.html,processing
/articles/imagine_breath.html,processing
/articles/matter_height.html,processing
/articles/planning_riding.html,processing
/articles/provide_program.html,processing
/articles/series_instrument.html,processing
/articles/stone_worry.html,processing
/articles/town_blood.html,processing
/articles/understanding_burn.html,processing
/articles/wire_sing.html,processing
/articles/alike_birthday.html,processing
/articles/colony_zoo.html,processing
/articles/do_wise.html,processing
/articles/explanation_row.html,processing
/articles/fact_size.html,processing
/articles/hat_cast.html,processing
/articles/here_fill.html,processing
/articles/iron_ago.html,processing
/articles/moon_harder.html,processing
/articles/needs_trip.html,processing
/articles/on_uncle.html,processing
/articles/upward_every.html,processing
/articles/anywhere_smoke.html,processing
/articles/evening_chair.html,processing
/articles/find_between.html,processing
/articles/fort_skill.html,processing
/articles/memory_usually.html,processing
/articles/no_trick.html,processing
/articles/rope_coffee.html,processing
/articles/train_slide.html,processing
/articles/necessary_point.html,processing
/articles/saddle_tone.html,processing
/articles/solid_torn.html,processing
/articles/tall_silly.html,processing
/articles/threw_dirt.html,processing
/articles/victory_plural.html,processing
/articles/determine_scene.html,processing
/articles/difficulty_store.html,processing
/articles/larger_physical.html,processing
/articles/nearby_known.html,processing
/articles/prevent_feel.html,processing
/articles/road_everybody.html,processing
/articles/shaking_round.html,processing
/articles/stomach_grabbed.html,processing
/articles/wife_flew.html,processing
/articles/around_weigh.html,processing
/articles/company_as.html,processing
/articles/race_friendly.html,processing
/articles/read_now.html,processing
/articles/tiny_experiment.html,processing
/articles/up_bat.html,processing
/articles/receive_shallow.html,processing
/articles/stuck_behavior.html,processing
/articles/ability_iron.html,processing
/articles/among_newspaper.html,processing
/articles/ball_broke.html,processing
/articles/beautiful_iron.html,processing
/docs/then_eventually.html,processing
/docs/vowel_cage.html,processing
/articles/swam_someone.html,processing
/docs/valley_connected.html,processing
/docs/which_women.html,processing
/docs/tone_easier.html,processing
/docs/young_happened.html,processing
/docs/transportation_organized.html,processing
/docs/underline_combination.html,processing
/docs/wooden_drew.html,processing
/docs/to_needs.html,processing
/docs/young_while.html,processing
/docs/weather_setting.html,processing
/articles/index.html,processing
/tags/index.html,processing
/tags/pipe.html,processing
/tags/pair.html,processing
/tags/fog.html,processing
/tags/gulf.html,processing
/tags/suddenly.html,processing
/tags/brief.html,processing
/tags/setting.html,processing
/tags/correctly.html,processing
/tags/steep.html,processing
/tags/not.html,processing
/tags/first.html,processing
/tags/roar.html,processing
/tags/push.html,processing
/tags/angry.html,processing
/tags/wave.html,processing
/tags/play.html,processing
/tags/morning.html,processing
/tags/manner.html,processing
/tags/part.html,processing
/tags/driver.html,processing
/tags/contain.html,processing
/tags/include.html,processing
/tags/movie.html,processing
/tags/forward.html,processing
/tags/paper.html,processing
/tags/love.html,processing
/tags/out.html,processing
/tags/swept.html,processing
/tags/sold.html,processing
/pix/bear1.jpg,site_assets
/pix/default.jpg,site_assets
/_theme/bulma.min.css,theme_assets
/_theme/navbar.js,theme_assets
/_theme/style.css,theme_assets
/_theme/txt/readme.txt,theme_assets